material_id,formula,bandgap,formation_energy,stability,volume,density,n_sites,crystal_system,spacegroup,is_stable,is_metal
mp-729172,ZrS2O9,0.187999999999999,-1.985014556666667,0.172171881041666,747.8419612340713,2.65874380202869,48,Monoclinic,P2_1/c,False,False
mp-4321,MgSiO3,4.5304,-3.211768395499999,0.019268999666670002,201.48154164904648,3.309471564110922,20,Monoclinic,C2/c,False,False
mp-776646,Na3CoO3,1.548099999999999,-1.527057084519703,0.035529923928571,384.10735304403124,3.041753682593361,28,Monoclinic,P2_1/c,False,False
mp-541067,HgNO2,2.0771,-0.563891579375002,0.08320905374999901,310.4944232346791,5.275218242335571,16,Monoclinic,P2_1/c,False,False
mp-1179964,Pt(NO3)2,0.0,-0.12670605777777802,0.639285586666667,147.8476815810361,3.58387575066183,9,Triclinic,P-1,False,True
mp-780420,Lu4Al2O9,4.5306,-3.878700977277778,0.032572675749999,784.2277722693557,7.604293878412333,60,Monoclinic,P2_1/c,False,False
mp-1185311,LiCrO3,0.0,-1.666735623666667,0.40936655516666304,49.7945631362843,3.566056855697144,5,Cubic,Pm-3m,False,True
mp-1099747,Eu2Mn2O5,0.0,-2.649234663984676,0.16811443055555803,247.05940927801112,6.63788522340357,18,Orthorhombic,Ima2,False,True
mp-17730,K2SnO3,2.1547,-1.9538010669999992,0.0,419.3559684925444,3.8790337427148343,24,Orthorhombic,Pnma,True,False
mp-625211,LiH3O2,4.8762,-1.5347990820138881,0.000740354166667,94.69517392407782,1.471716614445949,12,Triclinic,P-1,False,False
mp-1235054,Li(SiO2)6,0.0,-3.022797548596492,0.14612098423245,265.787985026794,2.295663463627398,19,Monoclinic,C2,False,True
mp-635020,Cs6Bi4O9,2.3747,-1.636907791733214,0.013020182236843002,973.9345310042578,6.060689314127582,38,Triclinic,P-1,False,False
mp-1378105,ZnBiO3,0.880799999999999,-1.511590225,0.080627896,265.9450071380185,8.051848164377654,20,Monoclinic,P2_1/c,False,False
mp-26394,Mn4(PO4)3,0.07399999999999901,-2.451236953455405,0.065842707894738,961.6757284241698,3.485657485237142,76,Orthorhombic,Pnma,False,False
mp-772954,La15Mn16O48,0.0,-2.931410197872108,0.19384864091471601,975.0491846123665,6.353262983364264,79,Triclinic,P1,False,True
mp-862794,K2Pu2O5,0.0,-2.788405569666666,0.0,158.2710033071972,6.779698712746448,9,Tetragonal,P4/mmm,True,True
mp-8231,ZrSO,0.7956000000000001,-2.821431535833333,0.025671939166665003,82.36441096716149,5.61635364914035,6,Tetragonal,P4/nmm,False,False
mp-8830,NaRhO2,1.377399999999999,-1.4591744428448281,0.0,42.850923866535034,6.118637517373269,4,Trigonal,R-3m,True,False
mp-3295373,PIrO5,0.0,-1.493553593818026,0.0,168.0733649051601,5.990897181162601,14,Monoclinic,C2/c,True,True
mp-680711,Ca4Te5O14,2.9383999999999992,-2.2974872332971,0.004682305717405,2963.9288826313345,4.581958968512729,184,Orthorhombic,Pbca,False,False
mp-996973,CuHgO2,0.0,-0.745885760625001,0.043040451874999004,59.1512951730479,8.313315928944172,4,Monoclinic,C2/m,False,True
mp-1191364,WO3,1.2648000000000001,-2.180178068333332,0.010682538229167001,362.9062354539819,6.364890166441476,24,Hexagonal,P6_3/mcm,False,False
mp-780453,Tb4Nb4O11,0.0,-3.26774425482456,0.033024965197368,1042.2049317351152,7.541509581576307,76,Orthorhombic,Pbam,False,True
mp-1244892,Al2O3,3.6741,-3.180039557699999,0.24651145029999902,1085.1543452159399,3.120490371789278,100,Triclinic,P1,False,False
mp-760003,Ti3Fe9O16,1.317399999999999,-2.160797359464286,0.029677774642856,645.9011875408713,4.63889027251891,56,Orthorhombic,Pnnm,False,False
mp-3324443,NaU5O12,0.0,-3.539339174999996,0.0,232.93310700010696,10.01690360126601,18,Monoclinic,C2/m,True,True
mp-1099805,Mg2Mn2O5,0.0,-2.335652435095786,0.15719428500002502,197.07105350988445,4.018961492471254,18,Orthorhombic,Ima2,False,True
mp-5974,La2Si2O7,4.673799999999999,-3.665370961818182,0.008581531818187,1160.3652892893851,5.105726391091916,88,Tetragonal,P4_1,False,False
mp-754041,Gd2HfO5,3.202299999999999,-3.938316614375001,0.028684817500002003,259.91921235550564,7.321254089155676,16,Orthorhombic,Cmcm,False,False
mp-1194200,Zn2S2O11,0.0,-0.712243718666667,0.778230655333332,549.8996694712393,2.240272981838964,30,Triclinic,P-1,False,True
mp-1003314,KMn2O4,0.43569999999999903,-1.964762960444581,0.000468158571428,94.53310523964342,3.740999606328794,7,Triclinic,P-1,False,False
mp-634326,GaHO2,3.2607,-1.8985905559375,0.0,131.26608643773145,5.198197072861824,16,Orthorhombic,Pnma,True,False
mp-768695,Ho2Ti2O7,3.0657,-3.791100260378852,0.0,508.8655443355667,7.017098621729491,44,Monoclinic,P2_1,True,False
mp-546111,Cr3AgO8,1.2442,-1.641716069305554,0.0,316.4177298657328,4.112822985233676,24,Monoclinic,C2/m,True,False
mp-31238,Ba3(SbO3)2,2.9311,-2.57293931060607,0.0,680.2436564365897,5.503428570074368,33,Triclinic,P-1,True,False
mp-771197,Li4Co7O16,0.039900000000000005,-1.363077550864197,0.07255958163510101,528.0216548252967,4.379408928679571,54,Monoclinic,P2_1,False,False
mp-28948,Cs2V4O9,0.0,-2.470897988954024,0.000670898666666,501.14643615665284,4.066114726969449,30,Tetragonal,I-42d,False,True
mp-882363,Na4(NiO2)9,0.0,-1.249281269919353,0.0,341.6021094435464,4.414735941666,31,Triclinic,P-1,True,True
mp-1105410,Cr(NO2)2,0.0,-0.34176705142857,0.8707746008928511,270.8942749057915,1.765481500123504,14,Monoclinic,Pm,False,True
mp-1199904,FeBO3,1.517599999999999,-2.178420955583333,0.09194137625000201,402.110928972674,3.787766300929518,40,Monoclinic,P2_1/c,False,False
mp-1047480,Ca(AgO2)2,0.936199999999999,-1.30943989440476,0.034030966785723,382.9404990852579,5.547183661545747,28,Orthorhombic,Pbcm,False,False
mp-1180275,Na2SnO6,0.0,-1.109567930862069,0.26803829638888704,116.10518111461582,3.728336504336019,9,Monoclinic,C2/m,False,True
mp-1182545,Ba(H8O5)2,3.904099999999999,-1.356523320185185,0.039766610555555006,503.62362689408326,2.066990855767233,54,Triclinic,P1,False,False
mp-651839,Hg8Br3O4,0.2505,-0.50311097516667,0.11647193799999801,1787.1309978905388,7.092981791254035,60,Monoclinic,P2_1/c,False,False
mp-1186167,NaSiO3,0.0,-2.354524145275862,0.25805614525000303,45.165596736968496,3.6424929169235902,5,Cubic,Pm-3m,False,True
mp-600032,SiO2,5.756600000000001,-3.25127456111111,0.02155678277778,1583.6908623835047,1.5119970183355012,72,Orthorhombic,Cmcm,False,False
mp-2224256,MgV4O10,0.7715000000000001,-2.439309516333333,0.085699345333326,186.74520334896303,3.4506754729114553,15,Monoclinic,Pm,False,False
mp-1094046,Ti(HO)2,0.0,-1.6069642411666671,0.49786902999999905,85.47855855943962,3.181329464845651,10,Orthorhombic,Pnnm,False,True
mp-1105736,BeSO8,0.0,-0.38726319025000006,0.9942397860000001,279.0214663483976,2.012399254210506,20,Tetragonal,I4/mcm,False,True
mp-621945,La2Ge2O7,3.7144,-3.036669459090908,0.0,314.08444009142926,5.657920752336456,22,Triclinic,P1,True,False
mp-541338,AlPO4,5.7862,-3.108515839107142,0.018656363888887,1679.2740333949048,1.447107869503017,72,Monoclinic,C2/c,False,False
mp-772272,Li2Cr2O7,2.5315,-1.8047218365151512,0.09105176421212101,571.1831667756254,2.673104793295046,44,Monoclinic,P2_1/c,False,False
mp-752692,K2SnO2,1.6021,-1.6840047264,0.0,435.80195156144936,3.4887990555691992,20,Triclinic,P-1,True,False
mp-767704,Li9Mn15O32,0.0,-2.017955204267241,0.049731564196414,552.7532101216543,4.201328624878323,56,Monoclinic,C2/m,False,True
mp-559637,Dy(IO3)3,3.415199999999999,-1.489033097243589,0.0,775.3894587960796,5.886774624237196,52,Monoclinic,P2_1/c,True,False
mp-755863,Fe3(O2F)2,0.0,-1.753093644999999,0.138175792067902,202.2554788554866,4.425730382755136,18,Orthorhombic,Cmmm,False,True
mp-1406000,YBiO3,2.295,-2.6425287170000002,0.155270851875,168.4330736052438,6.819974598344834,10,Hexagonal,P6_3/mmc,False,False
mp-758396,Mn2(CO3)3,0.06080000000000001,-1.799767930061578,0.067721146011898,361.4820775926705,2.663451043090367,28,Trigonal,R3,False,False
mp-16785,Pu(TeO3)2,0.0,-2.103132600231479,0.05792975999999601,561.6184801029617,7.039276017544766,36,Monoclinic,P2_1/c,False,True
mp-3302527,Yb5(BiO4)3,0.42100000000000004,-2.4559820632500022,0.571765163999998,266.50130451699135,10.493645835486758,20,Triclinic,P-1,False,False
mp-1341686,Cr(GeO3)2,0.6698000000000001,-1.9649467622222212,0.155390633888873,228.25151345617022,4.267138789447389,18,Monoclinic,C2/c,False,False
mp-19092,CoWO4,0.0,-1.918304684166666,0.0,137.22105676351921,7.424587765233815,12,Monoclinic,P2/c,True,True
mp-1201339,Co3(SO6)2,0.046199999999999006,-1.239274287794117,0.17613537867647103,861.1927018280833,3.33901823167867,68,Orthorhombic,Pbcm,False,False
mp-17289,CoMoO4,0.0,-1.698526819583333,0.008511477291672,296.42306254184524,4.904389051496202,24,Monoclinic,C2/m,False,True
mp-1048391,BaFe4O7,1.7176,-1.6807526491666671,0.249175818749992,385.3641334806176,4.073765034652276,24,Hexagonal,P6_3mc,False,False
mp-770537,LiMn2O3,0.0,-2.071978841949234,0.045457722916666006,246.62961133176168,4.438756990130531,24,Monoclinic,C2/c,False,True
mp-780913,Na2VO3,1.8406,-2.121673409626436,0.18367160374999503,266.4681417564284,3.6123501375375913,24,Orthorhombic,Fdd2,False,False
mp-780192,Li5FeO4,2.6187,-1.9949778201666661,0.047047924500001004,409.7584523334605,2.505205942552939,40,Triclinic,P1,False,False
mp-753823,CeTh3O8,1.78,-4.252385752499997,0.005250926666667001,172.12313096288236,9.302258816349953,12,Orthorhombic,Cmmm,False,False
mp-1201741,DyRe3O16,0.062299999999999,-1.458103592958333,0.40998827559375,1446.908933595471,4.485511463636727,80,Orthorhombic,Pna2_1,False,False
mp-27917,Ca3SiO5,3.6973000000000003,-3.377056406481481,0.061661223240740005,374.5045906199834,3.037039950605738,27,Trigonal,R3m,False,False
mp-850329,Fe4O3F5,1.4662,-2.150087667083333,0.09176807138889301,286.0178995377237,4.254083800279363,24,Triclinic,P-1,False,False
mp-16837,Nb3AgO8,1.5603,-2.657896582222223,0.036487265357145006,282.78068652154496,6.043442507840113,24,Orthorhombic,Ibam,False,False
mp-764701,Li8Mn5O10,0.4868,-2.038509285927037,0.049697650434781006,232.2309705264655,3.505202379734456,23,Triclinic,P1,False,False
mp-1079940,Sr3CaO4,3.294499999999999,-3.099418741249999,0.033803752499999,134.89874705543693,4.516801764481276,8,Cubic,Pm-3m,False,False
mp-1400848,TeO3,0.4174,-0.6431961529166661,0.69848499125,144.8543882511298,4.025941839181607,8,Hexagonal,P6_3/mmc,False,False
mp-3252850,AcIO4,3.9429,-1.8792328300000012,0.0,210.95169005968174,6.579162404635985,12,Orthorhombic,Cmcm,True,False
mp-33029,Nd2O3,0.9185999999999991,-2.852723037999999,0.9288243034999971,91.1948195742304,6.126903270648087,5,Cubic,Pm-3m,False,False
mp-759488,W3O7F,0.0,-2.159910014545452,0.038461548333325005,137.84112043155352,8.222085647408411,11,Orthorhombic,Cmmm,False,True
mp-755330,Fe6O7F5,0.0,-1.8971448388888872,0.11129792557098901,201.55101430929133,4.465907467191448,18,Triclinic,P1,False,True
mp-1048803,Al2NiO4,0.0,-2.780542017857144,0.022199475714286,272.67335025056,4.303185422340991,28,Orthorhombic,Imma,False,True
mp-754203,SmErO3,4.8916,-3.9000115280000003,0.059511754124999004,290.47141479305986,8.360501076547395,20,Orthorhombic,Pnma,False,False
mp-625105,H2CO2,3.2846,-0.748908933999999,0.5497098675000001,272.3708339505714,1.122395381863535,20,Orthorhombic,Pna2_1,False,False
mp-759192,FeOF,0.0,-1.989602906666668,0.13601318518518402,261.0786067532792,4.622302087757277,24,Monoclinic,Pm,False,True
mp-849306,Fe10O9F11,0.0,-2.063628061666667,0.10848388883333301,351.9342126157644,4.300406564784262,30,Monoclinic,Pm,False,True
mp-756433,Li5Co7O12,0.0,-1.453554391944444,0.213133941458333,208.21176645984906,5.098014773993832,24,Monoclinic,C2,False,True
mp-26640,CoP2O7,0.0,-2.032404347928572,0.111390218250001,544.1310254109899,2.842701771700937,40,Monoclinic,P2_1/c,False,True
mp-3240711,ErUO4,0.44320000000000004,-3.846244763888885,0.0,74.84227689784322,10.412122080367972,6,Trigonal,R-3m,True,False
mp-25950,SbP2O7,0.0,-2.34721149867857,0.040036635750024,583.4719209154905,3.366242000849238,40,Monoclinic,P2_1/c,False,True
mp-1183925,CsCdO3,0.0,-0.6906371229310341,0.454132825,93.63968780473493,5.201431676083625,5,Cubic,Pm-3m,False,True
mp-1102561,KPO4,0.0,-2.042662547815476,0.19539416249999703,216.66035768177542,2.0550867152527,12,Tetragonal,I4_1/amd,False,True
mp-764046,V3(O2F)2,0.0,-2.694006633888889,0.048399145555569005,188.83892664426463,4.481456832071441,18,Monoclinic,P2_1/c,False,True
mp-640740,Na12B26O45,4.6041,-2.743176421203433,0.009406355421686,1747.570272312314,2.426686390040986,166,Triclinic,P1,False,False
mp-756525,Mn3CuO8,0.0,-1.464931576149425,0.07943884567708201,141.5439644306928,4.180623015180401,12,Trigonal,R-3m,False,True
mp-559568,K2Se2O5,3.5551,-1.6685271682430551,0.0,2794.6360136233534,3.005294312244909,144,Orthorhombic,Pbca,True,False
mp-997054,CuBiO2,0.8376999999999991,-1.2602380275000011,0.009776949687497,128.40952222360877,7.8759889859820245,8,Monoclinic,P2_1/m,False,False
mp-2765485,KMn2O4,0.0,-1.941867746158868,0.023363372857141,183.71993824903447,3.8498631434022172,14,Monoclinic,Cm,False,True
mp-779491,BaP4O11,5.1954,-2.753422743035713,0.019831726249999,1105.792702944793,2.626218566975901,64,Triclinic,P-1,False,False
mp-1429856,CrO3,0.0,-1.15513349125,0.40224307075000004,49.2985281077538,3.3681419701697832,4,Cubic,Pm-3m,False,True
mp-1185261,LiNiO3,0.0,-0.7054583776666661,0.5024219344545481,53.80230863498618,3.507124068215731,5,Cubic,Pm-3m,False,True
mp-674463,AlHO2,4.721100000000001,-2.4224078165625,0.23041776562499902,58.2331943918839,3.421171762724664,8,Orthorhombic,Pmc2_1,False,False
mp-1196168,Ba2WO6,0.0,-2.402359445,0.14893720469135002,637.3100991020845,5.778995013899343,36,Monoclinic,P2_1/c,False,True
mp-752643,NaTi2O4,0.0,-3.098568724006566,0.038360103571429,161.45791476994177,3.758452751287128,14,Cubic,Fd-3m,False,True
mp-1196792,FePO6,0.34129999999999905,-1.467807983705356,0.295881486562499,500.5617427484504,2.425848342312193,32,Monoclinic,P2_1/c,False,False
mp-3276957,TePbO4,2.5673999999999992,-1.226342622083334,0.0,380.2273663081757,6.966557950011408,24,Orthorhombic,Pbcn,True,False
mp-1968,La2O3,3.824799999999999,-3.8759289195,0.0,81.78386608522705,6.615226585908185,5,Trigonal,P-3m1,True,False
mp-26984,Mn(PO3)4,1.2741,-2.405268827882497,0.021140461813726003,962.9449929790518,2.557865247063154,68,Orthorhombic,Pbcn,False,False
mp-4998,Sr2IrO4,0.0,-2.3651623007142852,0.0,387.64967607690886,7.3927286720821055,28,Tetragonal,I4_1/acd,True,True
mp-1178551,Ba3(ClO)2,2.4432,-2.889153341428571,0.023377207142857,423.27351264133716,4.039884189314121,14,Monoclinic,P2_1/c,False,False
mp-2754394,VCoO3,0.0,-1.99485521725,0.07013643868750001,92.4212721610739,5.673025345244147,10,Trigonal,R-3,False,True
mp-764087,V2(OF)3,1.4803,-2.650754087083333,0.013082019097204,293.96083718888156,3.505838023022235,24,Triclinic,P1,False,False
mp-3313858,Er2(CO3)3,5.4913,-2.366478844315476,0.0,475.53564365258427,3.593512235982637,28,Hexagonal,P6_3/m,True,False
mp-754828,Mn6O7F5,0.0,-2.228599954865901,0.07077763282405601,202.29475879693442,4.404819877036225,18,Monoclinic,C2,False,True
mp-775785,Hf2N2O,1.9946000000000002,-2.528965143249999,0.004576255499999,502.71782077164414,10.59623004894882,40,Triclinic,P1,False,False
mp-29332,Pt(PbO2)2,0.523799999999999,-1.2831919528571412,0.00015401678572,462.004384975345,9.682527212341977,28,Orthorhombic,Pbam,False,False
mp-3300656,Bi3Sb9O26,2.3079,-1.52228705875,0.003380299736818,552.726784165927,6.425423807571398,38,Monoclinic,Pm,False,False
mp-505201,Mn(Bi3O5)4,0.0,-1.6205993814524562,0.044618452575746,547.1735789115032,8.748267368053709,33,Cubic,I23,False,True
mp-28713,Na2Te2O5,2.9290000000000003,-1.7431334201213242,0.0,539.9559653055198,4.68896409500429,36,Monoclinic,C2/c,True,False
mp-33500,Cr2HO4,0.0,-1.9267929630357141,0.085660883214299,70.99225843368491,3.952928891524817,7,Monoclinic,P2/m,False,True
mp-1332857,Mn2ZnO4,0.0,-1.8972866056588682,0.08503859446428401,634.3792754487694,5.010734367702087,56,Monoclinic,Cm,False,True
mp-3269180,Ba3FeO4,2.1738,-2.459837585,0.0,306.255349003383,5.767173493932524,16,Trigonal,R-3c,True,False
mp-754621,Sm2Ge2O7,3.872899999999999,-3.000107539545455,0.011365502954544,163.25733714068565,5.675541700770562,11,Monoclinic,C2/m,False,False
mp-772938,Li2Ta4O11,3.4741,-3.184254699470586,0.032188219411764,419.8924907488904,7.226514633849073,34,Trigonal,R-3c,False,False
mp-766377,Zn9Fe15O32,0.0,-1.6387411214285712,0.093161694419642,620.3597120645134,5.188415556382406,56,Triclinic,P1,False,True
mp-777538,Fe5O3F7,1.3124,-2.2296758459999992,0.08192368044444001,365.1335035988351,4.185866454773789,30,Monoclinic,C2,False,False
mp-1101476,Pr(CuO2)2,0.0,-2.00708346452381,0.0,164.49273811717032,6.702963424878641,14,Tetragonal,I4_1/a,True,True
mp-761415,CuNi3O4,0.0,-1.084837146875,0.064425563749999,152.52431613939416,6.611131840627541,16,Orthorhombic,Cmmm,False,True
mp-1247896,Al2O3,3.191899999999999,-3.231849478750001,0.194701529249999,439.3989799077363,3.082586752352194,40,Triclinic,P1,False,False
mp-849484,Fe10O9F11,0.490699999999999,-2.063667144333335,0.108444806166666,348.7584667852689,4.339565465623099,30,Triclinic,P1,False,False
mp-1040809,Mg(NiO2)2,0.0,-1.51935633142857,0.050435785079364005,143.16691755730866,4.771427507319098,14,Trigonal,R3m,False,True
mp-20356,Ce2SbO2,0.0,-2.974765033999993,0.0,104.13952308976941,6.92012654334677,5,Tetragonal,I4/mmm,True,True
mp-1219096,Sm8Sb3O8,0.0,-3.075316037894737,0.002925584342114,391.3152333353992,7.197603703310639,19,Monoclinic,C2,False,True
mp-556788,SiO2,4.7965,-3.025782889166667,0.24704845472222303,148.001516429148,2.696521765071871,12,Triclinic,P1,False,False
mp-770688,Li4CrO5,1.4312,-2.059533565333333,0.020737729166665,200.1914791238349,2.650291679523717,20,Monoclinic,C2/c,False,False
mp-771396,Li4(FeO2)9,0.0,-1.5722452917204301,0.12350194282258001,677.4995992367491,4.011561816725413,62,Monoclinic,Pm,False,True
mp-2209213,Er3SbO7,3.7509,-3.447885611818182,0.0,281.834229574305,8.667371248769268,22,Orthorhombic,Cmcm,True,False
mp-3224000,Ca(PdO2)3,0.36189999999999906,-1.180022102250001,0.0,116.71300537698251,6.478288843484451,10,Orthorhombic,Cmmm,True,False
mp-4051,AlPO4,5.475,-3.119440272440476,0.007731930555554001,173.4598429980627,2.334921469215768,12,Orthorhombic,C222_1,False,False
mp-825406,ThV2O7,2.3154,-2.946319568,0.019233272250000003,1227.402630135745,4.8262068097651785,80,Orthorhombic,Pna2_1,False,False
mp-27559,Na14Cd2O9,1.3896,-1.455311590972413,0.0,365.86870220224085,3.134704078564414,25,Trigonal,P-3,True,False
mp-1401601,MgV2O6,2.2893,-2.503464015000001,0.023238636666665,141.05643457684295,2.615590542153476,9,Orthorhombic,Amm2,False,False
mp-3284525,Tb(SbO3)3,2.3432,-2.020187162980768,0.003153718653846,329.67920819251236,6.731222929760669,26,Orthorhombic,Cmcm,False,False
mp-756668,MnPO4,0.8814000000000001,-2.3487194870956483,0.09499871666666701,187.5727218385579,2.6542284436069723,12,Monoclinic,Cc,False,False
mp-766345,Y5O4F7,5.2436,-4.263526695,0.00092781703125,861.6702178001933,4.945102262329245,64,Orthorhombic,Aea2,False,False
mp-1399005,MgW2O5,0.0,-2.022251835625001,0.281371619062499,210.71565292699404,7.438883052542305,16,Triclinic,P1,False,True
mp-1019511,AlPO4,5.6861,-3.095414375357142,0.031757827638888,891.9891888335454,1.816233275170572,48,Triclinic,P-1,False,False
mp-754310,Fe5(OF2)4,0.0,-2.165191532941176,0.08254970570261401,195.04730421763995,4.215978605145998,17,Orthorhombic,Cmmm,False,True
mp-759739,V2OF5,0.8596,-2.96822932125,0.07850148166666601,281.85379254949794,3.762443082814814,24,Trigonal,P312,False,False
mp-1194571,In2O3,0.879599999999999,-1.962935164166665,0.031132223500001003,503.5571998402498,7.324251313979725,40,Orthorhombic,Pbca,False,False
mp-31112,Tb3GaO6,3.605399999999999,-3.579312696749999,0.0,268.3445831269804,7.951632802909207,20,Orthorhombic,Cmc2_1,True,False
mp-769394,Ba4Ta2O9,3.5999,-3.278819089977778,0.08070260133333301,541.4984844151642,6.471663911246883,30,Trigonal,P-3c1,False,False
mp-756215,Sm2Mn2O7,0.9750000000000001,-2.817081405987458,0.0,254.20447182826288,6.827450697402312,22,Cubic,Fd-3m,True,False
mp-5869,Ca2CuO3,0.0,-2.528575830833333,0.0017539077777790001,74.81717525868144,4.254713841767185,6,Orthorhombic,Immm,False,True
mp-5504,BaCO3,4.397399999999999,-2.682779261000001,0.0,308.7916524320886,4.2447257704252515,20,Orthorhombic,Pnma,True,False
mp-767737,Co9Cu3O16,0.0,-1.213403641071428,0.018226122372446002,276.9204464059783,5.858692563379923,28,Tetragonal,P-4m2,False,True
mp-1220234,Ni5O4,0.0,-0.7320208499999991,0.350721638888889,89.31197939925765,6.6461849487514115,9,Tetragonal,I4/m,False,True
mp-1245221,V2O5,0.926099999999999,-1.809130635666667,0.47989118147619103,1920.1189196308108,2.359376096543632,105,Triclinic,P1,False,False
mp-504554,Ba5Ta4O15,3.0865,-3.439217441430571,0.0,348.602497937457,7.861626879830266,24,Trigonal,P-3m1,True,False
mp-3056,NaTlO2,0.6208,-1.417691698678162,0.0,53.61179233562066,8.033626613716947,4,Trigonal,R-3m,True,False
mp-676605,Y6O5F8,5.1787,-4.217330260789474,0.039172412763161,259.1490301892427,4.904547362424145,19,Triclinic,P1,False,False
mp-1400395,AlNiO3,0.0,-1.835644731,0.370515997333332,93.4651059583781,4.749782638649847,10,Hexagonal,P6_3/mmc,False,True
mp-19217,ErMnO3,0.0,-3.082495226252873,0.0,364.2792410031499,7.389986188010839,30,Hexagonal,P6_3cm,True,True
mp-863389,Nb16Tl16O53,0.0,-2.364159269509805,0.009691011397059001,1253.0468088831205,7.427226422149385,85,Tetragonal,I-42m,False,True
mp-1101462,NbTlO3,0.9465000000000001,-2.451774461666669,0.0013711412499980001,621.9806468162132,7.374686230491849,40,Monoclinic,Cc,False,False
mp-1076454,Sr2Ti2O5,0.0,-3.257840154074076,0.072803140925874,254.02888581849595,4.588462881816368,18,Orthorhombic,Ima2,False,True
mp-759728,Sb7(O2F3)3,2.7586999999999993,-2.234122542272727,0.058521652954545006,786.0442760271984,4.729109549759576,44,Orthorhombic,Aem2,False,False
mp-625679,MoH4O5,0.7874,-1.334061551,0.20379699387499803,212.1841841856753,2.816846673982543,20,Triclinic,P-1,False,False
mp-1041679,W3O8,2.7281999999999993,-2.000729789999999,0.148077885227273,177.39860831387935,6.360599706351987,11,Triclinic,P-1,False,False
mp-627077,Ba(HO)2,4.07,-2.02778451225,0.029429058749999,526.5688946372837,4.322618464926401,40,Triclinic,P1,False,False
mp-1043362,Ta2O5,3.903299999999999,-3.119522744238096,0.22704038714285701,258.8723906343899,5.669049445014232,14,Orthorhombic,Cmcm,False,False
mp-756397,Li3V6O16,0.0,-2.3786919144,0.021704391799998002,272.9295911719175,3.5437768615436003,25,Monoclinic,Pm,False,True
mp-542814,SiO2,5.5504,-3.265347307499999,0.0074840363888910005,1071.0398743808114,2.235711217823113,72,Orthorhombic,P2_12_12_1,False,False
mp-764033,NaMn2O4,0.0,-1.9529847074630542,0.025177440357142002,350.49740472011246,3.7306919882217313,28,Monoclinic,P2/c,False,True
mp-673658,H2O,5.0695,-1.1775513,0.10245169333333301,102.71159127717468,1.1650126675580221,12,Orthorhombic,Cmc2_1,False,False
mp-1398042,Ca(CuO2)2,0.10459999999999901,-1.542171583571427,0.168071061428571,190.92113667000905,4.021166408574619,14,Monoclinic,P2_1,False,False
mp-1042154,Zn(WO2)2,0.6518,-1.4086734692857141,0.412297614642856,381.963643963947,8.644086753568397,28,Triclinic,P1,False,False
mp-1210508,Lu3SbO7,3.114699999999999,-3.469671939999998,0.0,271.9982218185503,9.263143311151058,22,Orthorhombic,C222_1,True,False
mp-1200706,SbOF6,0.6629,-1.791636794687499,0.23137303984375002,452.5822078788098,3.6947136013179502,32,Cubic,Ia-3,False,False
mp-1003764,K3Mn4O8,0.48749999999999905,-1.955604567398289,0.0,779.4353994690597,3.9629756312672573,60,Triclinic,P1,True,False
mp-3572,Gd2(MoO4)3,3.2407,-2.635878328529412,0.0,1224.8457871457385,4.307440003770833,68,Orthorhombic,Pba2,True,False
mp-15742,Nd2CuO4,0.0,-2.896723183571427,0.07589115500000501,187.96185912918057,7.350747495097408,14,Orthorhombic,Cmce,False,True
mp-30962,K4Ge9O20,3.0665,-2.17915325890909,0.0,975.599746308257,3.847158879398164,66,Tetragonal,I4_1/a,True,False
mp-771189,Ba4Ti3O10,2.2132,-3.431557339411766,0.022349617941161002,246.46560435059266,5.746354568427771,17,Orthorhombic,Fmm2,False,False
mp-18956,SmCrO4,0.0,-2.755208639166667,0.0,166.82157004242873,5.302560385578027,12,Tetragonal,I4_1/amd,True,True
mp-4359,Sr2PdO3,0.2353,-2.394458980833334,0.0,90.81177964681467,6.027965995755455,6,Orthorhombic,Immm,True,False
mp-1183917,CsMoO3,0.0,-1.7754282169310351,0.37378243524999805,70.60272032171409,6.511217942104932,5,Cubic,Pm-3m,False,True
mp-1264966,AlFeO3,0.6687000000000001,-2.3307735885,0.23604759199999903,197.55869509092068,4.398481964523095,20,Triclinic,P-1,False,False
mp-1200054,V4Fe2O13,2.299299999999999,-2.178933140394736,0.0038499167105250005,1188.9816311186953,2.9242039159970092,76,Monoclinic,P2_1/c,False,False
mp-3313239,Ba2IrO5,0.3391,-1.99963203578125,0.0,491.5336624410712,7.389896146948118,32,Orthorhombic,Pnma,True,False
mp-1199125,In2Se2O7,2.8578,-1.5873975830018932,0.0,1222.5172087479307,5.428309875751703,88,Orthorhombic,Pccn,True,False
mp-1216994,V2OF6,0.08559999999999901,-2.362066477222223,0.580557786458325,293.99363426375913,2.619334773887258,18,Orthorhombic,Ima2,False,False
mp-3249890,Pa3O7F,3.1542,-3.932072879204544,0.0,177.17051932628883,7.723933488518766,11,Orthorhombic,Cmmm,True,False
mp-624691,VAgO3,1.918899999999999,-1.731810440833332,0.023145989000012003,293.51845214034967,4.679945601066319,20,Monoclinic,C2/c,False,False
mp-1224786,GaSbO4,0.7966999999999991,-2.054515252916665,0.0,64.74197216120193,6.552712296160798,6,Orthorhombic,Cmmm,True,False
mp-891854,AgGeO3,0.0,-1.335310217333333,0.135711886999994,152.23687320929267,4.984913262721486,10,Orthorhombic,Pmma,False,True
mp-795937,Li4MoO5,0.0,1.074436697666666,3.3363839855,185.14334875043508,3.653962950205001,20,Triclinic,P-1,False,True
mp-26100,Bi2(PO4)3,0.0,-2.139646696554622,0.09407769102942201,1050.1462167567202,4.445671235152988,68,Monoclinic,P2_1/c,False,True
mp-1210487,Nd(BrO2)3,1.7495999999999992,-1.03564695625,0.05878547544999801,420.6801710479432,3.788989565374443,20,Monoclinic,P2/c,False,False
mp-3259803,Na3PaO4,3.621799999999999,-2.769890615625,0.0,220.4739571793754,5.48310429165428,16,Monoclinic,P2/c,True,False
mp-754555,HoTlO2,1.4262000000000001,-2.722815777083333,0.099693531718751,67.94330023996899,9.808103947970533,4,Trigonal,R-3m,False,False
mp-1209897,Ni(PtO2)3,0.0,-0.9822770769999991,0.0009693657499990001,230.22432204958466,10.673957077790343,20,Orthorhombic,Pbam,False,True
mp-1041414,CaW4O9,0.0,-1.9387241339285701,0.32236414065475905,374.8028027798648,8.146970834165979,28,Tetragonal,P4/n,False,True
mp-19366,Lu(FeO2)2,0.0,-2.404050383809524,0.10169619973214,88.21659180780694,6.600523215083746,7,Trigonal,R-3m,False,True
mp-1205345,Sb2O3,2.5073,-1.7333436614999962,0.018393840500001,353.951897730242,5.470544023966135,20,Monoclinic,P2_1/c,False,False
mp-3317757,Sr4Ir6O19,0.0,-1.523850717801722,0.0,403.22794088383625,7.444607390958909,29,Cubic,I23,True,True
mp-29176,Na8Si7O18,4.4437,-2.809347975182863,0.055333364772727,381.1607190870926,2.9123674912647,33,Trigonal,R-3m,False,False
mp-1212644,Na3TlO6,0.024399999999999002,0.17702983925287302,1.2887437159999982,2563.8729032583333,0.23921562412427902,10,Orthorhombic,Cmmm,False,False
mp-985293,Al(HO)3,5.8109,-2.035476930178572,0.028996113928570003,189.08839788176678,2.740050851139235,28,Orthorhombic,P2_12_12_1,False,False
mp-758462,La4Mn4O11,0.226199999999999,-2.963196855090745,0.134833232775688,522.6736695110585,6.045006382279943,38,Monoclinic,Pc,False,False
mp-27764,K4I2O9,1.9183000000000001,-1.4201798019333332,0.0,510.13145754032155,3.60795369017063,30,Hexagonal,P6_3/mmc,True,False
mp-1072104,GeO2,1.371499999999999,-2.071283881666666,0.085371781666668,58.231802941946114,5.967763541697996,6,Orthorhombic,Pnnm,False,False
mp-757594,Os(OF2)2,1.9011999999999991,-1.840872333333333,0.0,608.5752244847645,4.882321334155882,42,Hexagonal,P6_1,True,False
mp-780395,Cd(BO2)2,2.908399999999999,-2.440767528095237,0.03168068866667,834.0283809242704,4.731314500129888,84,Orthorhombic,Pna2_1,False,False
mp-1195383,As2O3,3.3787000000000003,-1.6185537271666681,0.0077948838333330005,2171.6292612727602,3.630712253324062,120,Monoclinic,P2_1/c,False,False
mp-3170371,Ce2HgO2,0.0,-2.644443217000002,0.0,105.84458121251316,8.04537146823853,5,Tetragonal,I4/mmm,True,True
mp-1217149,Ti9O10,0.0,-2.7673683331578953,0.24466251315789303,218.79855255583982,4.48376594575372,19,Monoclinic,C2/m,False,True
mp-561139,Rb8Fe2O7,1.608699999999999,-1.524184723529411,0.0,733.9566095884823,4.106019229336644,34,Monoclinic,P2_1/c,True,False
mp-764163,Li3FeO4,0.0,-1.7634307837499992,0.057581230000000004,70.04649840679568,3.334652401469189,8,Orthorhombic,Amm2,False,True
mp-755262,Fe6O11F,0.0,-1.397409308333332,0.14234014655864102,192.66198253122195,4.568562621239513,18,Orthorhombic,Amm2,False,True
mp-1019534,BaAl4O7,3.6891,-3.447166220624999,0.0008325707416670001,676.749031805288,3.5063269685113223,48,Orthorhombic,Pnma,False,False
mp-1173474,P2Pb3O8,3.252,-2.3220914289194132,0.012889102179486,1265.259560585784,6.3904598205592364,78,Monoclinic,Pc,False,False
mp-3241372,Th3C2O,0.0,-1.363197209791664,0.0,110.21344096691128,11.091032850118806,6,Trigonal,P-3m1,True,True
mp-1046228,Mg(SnO2)4,0.5714,-2.026550259615384,0.157452955096151,197.96905402216206,5.260371665052036,13,Monoclinic,Cm,False,False
mp-755115,CuReO4,0.1509,-1.712742677083332,0.056393246041667004,138.1259423282647,7.543769398959294,12,Triclinic,P-1,False,False
mp-1094129,LiO2,0.07400000000000001,-0.534496061111111,0.591487969047618,28.894862085681204,2.237804733376227,3,Trigonal,R-3m,False,False
mp-684591,Al2O3,3.3421,-3.30116479525,0.125386212749999,388.93471519816154,3.482552267854382,40,Triclinic,P1,False,False
mp-541214,KS2O3,3.7848,-1.7055220741250001,0.041206475803571,941.9477163713766,2.132751164767859,48,Monoclinic,Cc,False,False
mp-1016120,KMnO2,1.8152,-1.8887207312952592,0.057312239791667004,245.13744265982157,3.415003106278191,16,Orthorhombic,Pnma,False,False
mp-1041820,Bi(WO4)2,0.190199999999999,-1.8863084309090912,0.109114399715906,167.35403555482347,6.991813184661134,11,Triclinic,P-1,False,False
mp-757266,BaTi7O14,0.0,-3.480667132196969,0.0011319361363630002,1093.0293473603456,4.231830803403245,88,Triclinic,P-1,False,True
mp-27500,NaSO2,2.3219,-1.793571767844826,0.137687050624997,256.93944268743314,2.25042681130529,16,Monoclinic,P2/c,False,False
mp-769405,Ho(Bi3O5)4,0.0,-1.751640327424243,0.058744187329556004,554.2249380507169,8.966516830138778,33,Cubic,I23,False,True
mp-854025,Ti2N2O,0.0,1.021056860166665,3.211141118249999,428.69869567307927,4.330407779160576,40,Triclinic,P1,False,True
mp-1226815,Ce4ZrO10,1.9513,-3.877621308666665,0.026843199666664003,197.8269687722201,6.813174558661541,15,Trigonal,R-3m,False,False
mp-3671,NaNbO3,2.3565,-2.843081658275861,0.0017411069999990001,481.97067079689253,4.517336614270683,40,Orthorhombic,Pbcm,False,False
mp-30237,Ba(CO)4,2.3399,-1.4948880916666671,0.29033205638888904,262.05391179814404,3.160298633171569,18,Tetragonal,I4/mcm,False,False
mp-626073,Al(HO)3,4.5901,-1.9838235744642851,0.080649469642857,450.8637975320721,2.298307508354044,56,Monoclinic,Pc,False,False
mp-1196745,Sr2As2O7,3.2477,-2.5197345343181583,0.0,1309.3486040251362,4.434490570100477,88,Tetragonal,P4_3,True,False
mp-1213502,ErIO9,0.548,-0.6321145638636361,0.569799591742423,629.2165969940859,4.625298163188127,44,Monoclinic,P2_1/c,False,False
mp-776135,Fe23O32,0.67,-1.559012010545455,0.10706625781818001,601.913304874487,4.955894132261324,55,Triclinic,P1,False,False
mp-3315163,Mg(OsO3)2,0.0,-1.515300738055556,0.0,194.42998936260955,8.553555669401133,18,Tetragonal,P4_2/mnm,True,True
mp-1179587,SbO2,1.7723,-1.7322480349999991,0.10675861124997801,355.2117006620865,5.7503172053766285,24,Orthorhombic,Pnna,False,False
mp-2229031,MgCr4O12,0.0,-1.7149599914705882,0.15571664317646403,295.4611815140423,2.384533781232138,17,Triclinic,P1,False,True
mp-1106304,TmNiO3,0.0,-2.527218608000002,0.006301209416666001,211.52687155397024,8.65492732731107,20,Monoclinic,P2_1/c,False,True
mp-17761,CaGeO3,3.481299999999999,-2.749981945333333,0.0,436.38233200713995,3.669381308468726,30,Triclinic,P-1,True,False
mp-581644,Y2Si2O7,4.7121,-3.671023028712122,0.0,1617.547896157262,4.262086953852866,132,Triclinic,P-1,True,False
mp-754502,SmYO2,0.0,-3.1839257087500012,0.091817673645831,77.96243830385232,5.777725254782315,4,Trigonal,R-3m,False,True
mp-3253075,GdNpO4,0.7961,-3.649918014791666,0.0,157.19147402749704,9.681670685341569,12,Orthorhombic,Fddd,True,False
mp-5207,Sc(PO3)3,5.1657,-2.973967434532968,0.0,1547.2127057356306,2.420141099496685,104,Cubic,I-43d,True,False
mp-1648875,Li7Mn5O12,0.7679,-2.141154379916188,0.028836967083321,440.62298147611614,3.883710302599537,48,Triclinic,P-1,False,False
mp-776441,VOF3,1.8397000000000001,-2.649892991999999,0.0627597315,273.14908604060963,3.013749813134977,20,Triclinic,P-1,False,False
mp-20079,CaPbO3,0.933199999999999,-2.173213993499998,0.002454472999995,275.27296614002546,7.124821189855321,20,Orthorhombic,Pnma,False,False
mp-755525,TmTiO3,0.0,-3.652124086666668,0.06115532024998001,229.46195942721957,7.665057270760334,20,Orthorhombic,Pnma,False,True
mp-779698,ZnTe2O5,3.01,-1.559997669791667,0.027769544374999,1003.7421497753174,5.301934672870048,64,Tetragonal,P4_2/nbc,False,False
mp-1190434,Li2IrO3,0.0,-1.731535679861109,0.0016057055833300002,216.07043513154812,7.8111256092355035,24,Orthorhombic,Fddd,False,True
mp-1196065,Cs2I4O11,2.8686,-1.149741326724137,0.003588342647058,634.0158279675835,4.973227977447885,34,Hexagonal,P6_3,False,False
mp-1206996,La3AlO,0.0,-1.473911112000002,0.0,127.34019222510247,5.994536311154249,5,Cubic,Pm-3m,True,True
mp-758397,Fe2OF3,1.6847,-2.321488981666667,0.03660640342592,145.07340581228692,4.227873572326315,12,Orthorhombic,Amm2,False,False
mp-759101,Cr3P4O15,0.0,-2.456305520389609,0.08780882306819,1191.6051728540538,2.897844635936087,88,Orthorhombic,Pna2_1,False,True
mp-779174,B5SbO10,2.258899999999999,-2.470586570208334,0.09777737916665401,800.5832085702446,2.786088728549456,64,Monoclinic,P2_1/c,False,False
mp-1394,Rb2O,1.3192,-1.129998786666666,0.0031695866666660005,154.62360766261503,4.015077323666957,6,Cubic,Fm-3m,False,False
mp-5416,Na2SeO3,4.2235,-1.795207838767059,0.0,326.13147488074566,3.522136231387598,24,Monoclinic,P2_1/c,True,False
mp-554089,SiO2,5.660399999999999,-3.266073725,0.0067576188888880005,176.75461740602768,2.257872049803831,12,Orthorhombic,Pna2_1,False,False
mp-800320,V4O7F5,0.0,2.020063553124999,4.584748953611131,206.51659384396606,3.302750377232975,16,Triclinic,P1,False,True
mp-756172,Mn3NbO8,0.0,-2.119387982816091,0.096569615451377,282.7995415499618,4.529682119345983,24,Hexagonal,P6_3mc,False,True
mp-1044095,Sb3O7,0.0,-1.662892783499999,0.11243307337499701,287.46937076794325,5.513875160512556,20,Orthorhombic,Imma,False,True
mp-1094119,Na4Ge5O12,1.471799999999999,-1.96512497050082,0.18081097261904802,226.13209465169467,4.752182460594516,21,Trigonal,P-3,False,False
mp-1178319,La24Ni16O55,0.052700000000000004,-2.78490514163158,0.08825327007896701,1230.9165106992489,6.95125418568791,95,Monoclinic,C2/m,False,False
mp-770210,CaY2O4,3.6651,-3.6969840839285713,0.07178711589285401,399.267709597316,4.689433808714298,28,Orthorhombic,Pnma,False,False
mp-15281,Sm3ReO7,0.0,-3.28051356840909,0.049815874734868,305.5787055711836,8.143325033109017,22,Orthorhombic,Cmcm,False,True
mp-1177872,Li2Ni5O9,0.0,-1.175949089479167,0.04065556328125,309.9826332418494,4.8355849643689055,32,Triclinic,P1,False,True
mp-18551,Cr3BO6,0.17850000000000002,-2.471287666166667,0.022065506750001,388.0981021803423,4.497651742514467,40,Orthorhombic,Pnma,False,False
mp-755490,Na2FeO3,0.6359,-1.571419339209769,0.080218563749999,320.1599160702937,3.108278056760298,24,Monoclinic,P2_1/c,False,False
mp-541806,Rb4Nb11O30,0.0,-2.928153638888889,0.0,739.0026561113121,4.1430713801646775,45,Trigonal,R-3m,True,True
mp-1213411,Eu3Ga5O12,0.0,-2.641342044375,0.068720582624999,1008.7616076431393,6.561418813807452,80,Cubic,Ia-3d,False,True
mp-3660,LiB3O5,6.484299999999999,-2.810832107592593,0.00656846972222,318.68110831890215,2.488007023255999,36,Orthorhombic,Pna2_1,False,False
mp-1210146,Nb9P2O25,0.0,-2.676110333452381,0.284937854135414,511.5622391464016,4.213620355500331,36,Tetragonal,I4/m,False,True
mp-1183115,AcAlO3,4.1024,-3.690019421500002,0.0,57.4514132376898,8.728230081866649,5,Cubic,Pm-3m,True,False
mp-755176,NiTeO4,0.44470000000000004,-1.312400005694444,0.099143642083344,320.13530414388487,5.193029049137061,24,Monoclinic,P2/m,False,False
mp-555665,NaVO3,3.0358,-2.369992200775863,0.005755477500000001,274.58999218475816,2.9493958683390513,20,Orthorhombic,Pnma,False,False
mp-775843,Zr2N2O,1.650399999999999,-2.333471655749997,0.004277552499999,522.7491927178849,5.754912844507179,40,Triclinic,P1,False,False
mp-1042928,Fe2(MoO4)3,2.437599999999999,-1.850245995,0.047272335441178,541.0062620610939,3.631061509940039,34,Triclinic,P-1,False,False
mp-1210533,NaSbO12,0.0,0.497589815972906,1.232172861428574,510.21724894675106,2.19190626279691,28,Cubic,Fd-3m,False,True
mp-505604,GdNiO3,0.0,-2.449596327999998,0.0,214.9801926295192,8.154897113823294,20,Orthorhombic,Pnma,True,True
mp-755666,Yb2TeO2,0.0,-3.224592407500003,0.09594248000000101,88.95606137871445,9.439484949502639,5,Trigonal,P-3m1,False,True
mp-704327,Mn7(PbO5)3,0.050699999999999,-1.8247138101206892,0.010116059600111001,2544.872765932117,6.504978739646928,200,Orthorhombic,Pnma,False,False
mp-1226911,Ce4SmO10,0.0,-3.7591236169999993,0.026276084874996,205.79236350894908,7.026632496183936,15,Tetragonal,I4/m,False,True
mp-542150,Fe2Mo4O7,0.06380000000000001,-1.266591849615385,0.366611832115385,352.7372469432318,5.719200285669999,26,Monoclinic,C2/m,False,False
mp-861109,SmY3O6,3.9935,-3.924957691999997,0.005934366875001,611.0572307832674,5.5770837499963015,40,Triclinic,P1,False,False
mp-768500,Sb2(SO4)3,3.101199999999999,-1.7690563383823532,0.014515393529411,569.8307137955326,3.0988907847208482,34,Trigonal,R-3c,False,False
mp-1404389,NaCu3O4,0.0,-1.082075233922414,0.070580089374999,103.81874525918062,4.440506099527579,8,Orthorhombic,Cmm2,False,True
mp-1207547,Zn7(MoO4)6,1.3647,-1.853698753783785,0.06079577094594601,537.8758590440207,4.376093771792614,37,Triclinic,P-1,False,False
mp-558040,CuMoO4,0.0,-1.572588993750001,0.024770568541668002,677.1618281984188,4.3842193471740565,48,Monoclinic,P2_1/c,False,True
mp-675023,Co8(BiO4)5,0.17300000000000001,-1.185140948181818,0.20775199063973201,418.59531409493763,7.284697283678929,33,Triclinic,P1,False,False
mp-28531,Rb2Ta15O32,0.0,-3.131064363163265,0.0,635.4851660135397,8.876799993909493,49,Trigonal,R-3,True,True
mp-1104866,Mg(ReO6)2,0.032,-1.038991822666667,0.7206061086666641,286.656009560316,3.410285883654956,15,Triclinic,P1,False,False
mp-752910,Na3BiO4,0.6188,-1.682600919267241,0.036291289374999,108.40144410786765,5.238093164349319,8,Orthorhombic,Cmmm,False,False
mp-675755,TiCu3O4,0.0,-1.7098972279166662,0.08301184156249901,104.1186605215957,4.82447029698279,8,Monoclinic,Cm,False,True
mp-1104405,Na(SO2)2,0.0,-1.080346744482758,0.6988194225892881,261.4075916884234,1.919885292622674,14,Monoclinic,C2,False,True
mp-776273,Zr2N2O,1.6695,-2.271366136333335,0.06638307191666201,376.13214154852216,5.9986419225751515,30,Monoclinic,C2/m,False,False
mp-1045826,Cr9O13,0.7342000000000001,-2.038002178409091,0.292728200151515,256.6241473662593,4.373918757901041,22,Monoclinic,C2/m,False,False
mp-716814,Fe2O3,0.0,-1.204043357666666,0.503047995333332,372.27860173092193,4.273710495453526,30,Trigonal,P3,False,True
mp-781634,HfZrO4,3.9488000000000003,-3.8596692575000002,0.057045140416665,271.39880928829325,8.167186145447769,24,Monoclinic,Cm,False,False
mp-760414,Ti3PdO,0.0,-1.454954431000001,0.0,137.3242166641896,6.433494068897923,10,Tetragonal,I4/mcm,True,True
mp-1225007,Fe5O8,0.0,-1.459665542307693,0.18176845096153701,153.71957432329117,4.3989521424677065,13,Cubic,F-43m,False,True
mp-754103,CaNiO3,1.2293,-1.752755917,0.07267682124999901,111.93005701039907,4.354802652635339,10,Hexagonal,P6_3mc,False,False
mp-5709,Tl3PO4,2.640899999999999,-1.894393925580359,0.0,316.8500050641708,7.422206095297045,16,Hexagonal,P6_3,True,False
mp-30274,AcBrO,4.241,-3.396185964166668,0.0,140.13940983244288,7.652290117092176,6,Tetragonal,P4/nmm,True,False
mp-14254,NdAlO3,2.863600000000001,-3.644979264499999,0.027490916999999,104.23401901492895,6.984787972938765,10,Cubic,Pm-3m,False,False
mp-1188853,CaTcO3,0.0,-2.475116318499999,0.0,234.84739259201066,5.262767383604945,20,Orthorhombic,Pnma,True,True
mp-669528,Na2UO4,2.0002,-2.997655847179802,0.0251332075,432.48442248767367,5.34472558084745,28,Orthorhombic,Pccn,False,False
mp-622171,VSb2O5,0.0,-2.019535985625,0.035788254882803,502.2916089731545,4.951728891841146,32,Orthorhombic,Pnma,False,True
mp-1105677,Al2PO7,0.0,-2.444716837464285,0.28822423633333405,269.50425962756225,2.426784209883402,20,Monoclinic,C2/m,False,True
mp-754806,Ni5O6,0.0,-1.06833911,0.040714679545455004,104.29367122360046,6.200943768911236,11,Monoclinic,C2/m,False,True
mp-764770,Li13Mn2O9,0.0,-2.021926420174808,0.05363115645833601,469.8617809279517,2.432194502296978,48,Triclinic,P1,False,True
mp-771091,Li2Cr2O7,2.2085,-1.8284900171969691,0.067283583530302,544.8739437932911,2.802175582719005,44,Tetragonal,P4_12_12,False,False
mp-777047,LiTmO2,4.6558,-3.2787756283333342,0.070488535625,47.967295539143905,7.196213808929694,4,Trigonal,R-3m,False,False
mp-753414,Lu2Pt2O7,1.657299999999998,-2.497053484848487,0.0,253.3400718407925,11.170295130831974,22,Cubic,Fd-3m,True,False
mp-761472,Co2CuO4,0.0,-1.142483596428572,0.049837738954075006,139.65766991993223,5.83588249700211,14,Orthorhombic,Imma,False,True
mp-3296393,PuSb2O7,0.267999999999999,-2.1513103685,0.0,275.19328588695333,7.235055936239507,20,Orthorhombic,Imma,True,False
mp-1187746,VCoO3,0.0,-1.481146173000001,0.541067191499996,53.84456178860735,4.868720275483928,5,Cubic,Pm-3m,False,True
mp-2217655,Mg(RuO4)2,0.0,-1.4749891004545441,0.082093972329542,217.28966012880593,2.70865074078825,11,Triclinic,P1,False,True
mp-1408395,Ca2Co3O8,0.0,-1.846933615384614,0.0,144.1228472728658,4.435284407062815,13,Monoclinic,C2/m,True,True
mp-531283,Al2CuO4,0.0,-2.654581983035714,0.062324434821429006,541.5951931776546,4.452017774692329,56,Trigonal,R3m,False,True
mp-17554,LaMnO3,0.0,-3.009731305586207,0.125533495023809,255.08175724819074,6.297394529869173,20,Orthorhombic,Pnma,False,True
mp-723463,LaO3,0.6060999999999991,-2.03022052,0.39223505468750003,115.61631613875753,5.368807035045697,8,Hexagonal,P6_3/m,False,False
mp-1273363,CrO,0.0,-1.8705256225,0.10163085166666601,50.90281938356393,4.436264453338223,4,Orthorhombic,Cccm,False,True
mp-765486,PrAl22O34,0.0,-3.381625728801169,0.045864807865494,631.7212792917546,3.36060835802689,57,Monoclinic,Pm,False,True
mp-775276,Co3(SeO3)4,0.0,-1.1266276565460531,0.175357304901316,505.8747011327965,4.494626115938524,38,Monoclinic,P2_1/c,False,True
mp-3270015,TmPa3O8,0.0,-3.9988346199999962,0.0,156.79726568069077,10.484846110462225,12,Cubic,Pm-3m,True,True
mp-760135,Li5(CoO2)4,0.6302999999999991,-1.655841158921569,0.09538508636029401,562.9743224926866,4.700843376176904,68,Triclinic,P1,False,False
mp-18834,SrMoO4,3.8445,-2.664873142499999,0.0,175.22101162731838,4.692120679089215,12,Tetragonal,I4_1/a,True,False
mp-1198201,Lu(PO3)3,5.7855,-3.04109520360348,0.0,1630.5953173163039,3.355572609849616,104,Cubic,I-43d,True,False
mp-28429,Na2PrO3,0.0,-2.299044726154214,0.10041628263888801,375.38396157896983,4.156132427574143,24,Monoclinic,C2/c,False,True
mp-1173034,La2Th8O19,2.7461,-4.218143793965516,0.06484271491379201,432.62138178178895,9.358222094733579,29,Orthorhombic,Pmm2,False,False
mp-1206840,SrRhO3,0.0,-1.991144156999999,0.030399611749989,126.55303029275241,6.259477489298199,10,Tetragonal,I4/mcm,False,True
mp-756593,Ta3(OF)5,2.197,-3.3695761963076922,0.081756626483521,197.87038215252161,6.024090900327038,13,Orthorhombic,Immm,False,False
mp-753301,Na4(NiO2)5,0.517199999999999,-1.257373889237748,0.0,191.40641925664914,4.731771009995959,19,Triclinic,P-1,True,False
mp-1208985,Sm(SeO4)2,0.23370000000000002,-1.334830918153409,0.302891919204547,762.7868310824331,3.798974936998816,44,Orthorhombic,P2_12_12_1,False,False
mp-769025,K2Mg2O3,3.2516,-2.244047649928572,0.0277894425,421.32463298116147,2.755786651076017,28,Tetragonal,P4_32_12,False,False
mp-1223234,La2CuO4,0.0,-2.97168242,0.07033973285714,96.05321515994046,7.00764725441898,7,Orthorhombic,Fmm2,False,True
mp-907,W18O49,0.0,-2.15327105216418,0.00306849136194,943.2129869625793,7.205940692484215,67,Monoclinic,P2/m,False,True
mp-556339,Hg3AsO4,1.8158,-1.055834298125001,0.0033456196875000003,1194.0208737824844,8.240682418975936,64,Monoclinic,P2_1/c,False,False
mp-1190845,Nd2Hf2O7,4.0703,-3.98081208681819,0.0,301.0075991291306,8.357208209480698,22,Cubic,Fd-3m,True,False
mp-1400415,Ba2Ti3O8,0.7315,-3.308228299230768,0.20856197423084102,186.22867536972905,4.870731080684607,13,Tetragonal,P4/mmm,False,False
mp-626279,Ca(H8O5)2,3.8912999999999993,-1.379964721296296,0.016464257685187,424.8789629683307,1.6899257617975172,54,Triclinic,P1,False,False
mp-554545,Bi2Os2O7,0.0,-1.486731913636363,0.0,277.9447824454396,10.878292572215543,22,Cubic,Fd-3m,True,True
mp-1196640,Sb5IO7,2.3002000000000002,-1.5457064438461532,0.10411001990384001,1207.9661014597298,4.661188466800018,52,Monoclinic,Pc,False,False
mp-21926,Sr(FeO2)2,1.936,-2.1480569966071412,0.0,798.764012414281,4.379091191263277,56,Monoclinic,P2_1/c,True,False
mp-3325560,W5(O4F)3,0.0,-2.388834599250001,0.0,284.0519892104054,6.829108414895874,20,Triclinic,P-1,True,True
mp-26450,NiP2O7,0.0,-1.7801089664285712,0.362279054749989,268.9449553241829,2.872724406094159,20,Triclinic,P-1,False,True
mp-766122,Mg3Mn4O7,0.9926,-2.391747393694582,0.07185354571428401,150.6679206683788,4.45986567091319,14,Orthorhombic,Immm,False,False
mp-1224074,K6Nb11O30,0.0,-2.873950056244681,0.059248940589188004,672.6909829467912,4.2866574276780565,47,Orthorhombic,Amm2,False,True
mp-1202851,Cu3AsO7,0.0,-0.9685705134090911,0.11620722619318301,558.2270317698661,4.492405102762943,44,Monoclinic,P2_1/c,False,True
mp-1047990,Ca(BiO2)4,0.533999999999999,-1.725685828461538,0.12477891730767601,221.66888599185125,7.521004044404049,13,Monoclinic,Cm,False,False
mp-779654,Na3Nb6O11,0.0,-2.537033020456896,0.098501681089738,269.38965369271904,4.946062957958224,20,Trigonal,P-3m1,False,True
mp-1187143,SrBeO3,0.0,-2.186857816,0.376971984999999,52.0571061965092,4.613479639488415,5,Cubic,Pm-3m,False,True
mp-3278625,DyTa3O9,3.8792,-3.321608433519233,0.0,321.75120953708256,8.766769407188221,26,Monoclinic,P2_1/m,True,False
mp-19227,YMnO3,0.0367,-3.007963200252874,0.019520051666665,125.05119599578148,5.094893988485083,10,Hexagonal,P6_3/mmc,False,False
mp-28990,Bi2Te4O11,2.828999999999999,-1.576844434068622,0.0,1048.1448488719282,6.998358268658964,68,Monoclinic,P2_1/c,True,False
mp-762351,Li4Ti7O16,2.446799999999999,-3.239361694691358,0.03487106898148,290.28539293009715,3.539897135897869,27,Monoclinic,Cm,False,False
mp-530852,Mg2SiO4,2.3676999999999992,-3.081720736428572,0.131404966428569,686.224450591892,3.404518576240611,70,Trigonal,R3m,False,False
mp-1376202,CaSnO2,0.466,-2.263033347499999,0.26225883312499804,271.65172814229555,4.664927949593625,16,Triclinic,P-1,False,False
mp-1016827,MgGeO3,1.5499,-2.040783233,0.5249547200000031,51.40303697478925,4.682288444475782,5,Cubic,Pm-3m,False,False
mp-1104530,FeSO5,0.23210000000000003,-1.5371178560714291,0.14758559488095002,172.80762101757423,3.226896260868622,14,Monoclinic,C2/c,False,False
mp-1048896,MoPO4,1.190599999999999,-2.230988206190476,0.12245344555555501,702.1081630995747,3.612158827030812,48,Monoclinic,C2/c,False,False
mp-3303383,NpSeO6,1.0309,-1.8211049269140631,0.0,493.40736946495343,5.545678797894194,32,Monoclinic,P2_1/c,True,False
mp-31008,Na14Al4O13,2.5926,-2.251951860784205,0.0,860.6008762092383,2.46118854608636,62,Monoclinic,P2_1/c,True,False
mp-778809,Fe5O7F3,0.0,-1.725750806000001,0.11864930011111001,331.81892676245525,4.486062332117546,30,Triclinic,P1,False,True
mp-19321,Na6MnO4,0.7754000000000001,-1.540519866018809,0.018346620265154,585.8250669098177,2.912471788297823,44,Hexagonal,P6_3mc,False,False
mp-530194,Ca4Nb2O9,2.4887,-3.314360202666666,0.020810770833334002,798.6979827014509,4.075945412178194,60,Triclinic,P1,False,False
mp-559909,Sr3Ru2O7,0.0,-2.360164598750026,0.0,315.5101244440429,6.073491738830382,24,Orthorhombic,Ccce,True,True
mp-1245276,BaO,1.749499999999999,-2.594275191599999,0.2293675159,2606.4181741485227,4.884183199503542,100,Triclinic,P1,False,False
mp-1202965,Nb4Ag2O11,2.1763,-2.5240204699019593,0.030436907689081003,432.24960786467784,5.8650432874598675,34,Monoclinic,Cc,False,False
mp-20099,In6WO12,1.767999999999999,-2.020597898947368,0.014899640065788,235.40146566374386,7.510759073728435,19,Trigonal,R-3,False,False
mp-22074,CeTaO4,0.0,-3.6628021208055532,0.0,322.32359091821854,7.93500257007311,24,Monoclinic,P2_1/c,True,True
mp-565434,Sr8Co8O23,0.0,-2.002559162435897,0.048538013312654005,468.5226031266888,5.459531491244621,39,Tetragonal,I4/mmm,False,True
mp-560181,Cr3InO8,0.3022,-1.856230470555555,0.10397626302080701,158.79402716807923,4.170342439062471,12,Monoclinic,C2/m,False,False
mp-1223545,KMn2O4,0.8501999999999991,-1.946722251158867,0.018508867857142,201.2044821915709,3.51531243871425,14,Monoclinic,Cm,False,False
mp-1205057,Na2SiO12,0.0,-0.569170228850575,0.5079681379999991,867.0647792368322,2.038138074494946,60,Orthorhombic,Ibca,False,True
mp-1101510,V3(PO4)4,0.8958,-2.518274464720497,0.09493795043478101,668.8822785419135,2.644966709982957,46,Monoclinic,C2/c,False,False
mp-625824,Sr(H8O5)2,3.4704,-1.365458308148148,0.035245969259259005,475.4871421882452,1.842120476150869,54,Monoclinic,Cc,False,False
mp-1392387,Ta2O5,2.378,-3.331849049238094,0.014714082142857,192.5889970965033,7.620167323058566,14,Orthorhombic,Pmmn,False,False
mp-685490,Hf3Sc4O12,3.9078,-3.973991462105263,0.018936210263152002,1124.836673530533,6.696903768135606,95,Triclinic,P1,False,False
mp-753766,Ho6ReO12,0.0359,-3.637388602236824,0.0,251.44528640020425,9.032799990636441,19,Trigonal,R-3,True,False
mp-1196063,Ga2Se2O7,3.4975,-1.691454147926137,0.0,1117.8369375832713,4.864833060487828,88,Orthorhombic,Pccn,True,False
mp-27044,CoP2O7,0.0,-2.058332980428571,0.08546158575000101,120.4378477283738,3.210789338958063,10,Monoclinic,C2,False,True
mp-1045725,Mg2Sn9O13,0.0,-1.886142718333333,0.105664957916657,387.14433746013015,5.683155087517885,24,Monoclinic,C2/m,False,True
mp-754384,ScTlO2,0.9718,-2.684361058333334,0.10138149796874901,119.70286756163682,7.805539990176513,8,Hexagonal,P6_3/mmc,False,False
mp-1176523,LiVO2,1.5373,-2.481679115833333,0.012101926250001002,140.6023494354402,4.246057355544424,16,Cubic,Fd-3m,False,False
mp-752679,CaGd2O4,3.26,-3.671435590000001,0.055578373571428,234.55212652810962,5.926709311179373,14,Cubic,Fd-3m,False,False
mp-1410909,Zn(OF)2,0.0,-0.6507171620000001,0.9101339219999981,135.11976301012706,3.328079234537209,10,Orthorhombic,Fddd,False,True
mp-1244888,Y2O3,2.9084000000000003,-3.7114601861,0.24241173664999802,1594.0088459517644,4.704693597244767,100,Triclinic,P1,False,False
mp-1207217,Rb2PuO4,0.0,-2.656469717678571,0.0,129.25236445973727,6.152980583496304,7,Tetragonal,I4/mmm,True,True
mp-754785,Co6O5F7,0.37520000000000003,-1.680392182222222,0.132437718888888,195.1010222336695,4.8223043818942095,18,Triclinic,P1,False,False
mp-1048044,ZnFe4O9,0.0,-1.133021758214285,0.34916668071429,366.7352084528611,3.919198694968829,28,Tetragonal,P-4,False,True
mp-996992,LiAgO2,0.43149999999999905,-1.081705696249999,0.022499258749999,45.93828005768141,5.306694525422265,4,Monoclinic,C2/m,False,False
mp-3314646,PrSb5O12,3.8762,-1.9049210898148172,0.0,251.32702879437235,6.221895018398273,18,Trigonal,R-3m,True,False
mp-30982,Ag2SO3,2.3467000000000002,-1.051903536388888,0.076836849374998,373.28936592516357,5.263335487388361,24,Monoclinic,P2_1/c,False,False
mp-1183257,Al2Tc2O5,0.0,-1.799650814999999,0.7317768669444401,94.51970779559298,5.79679742338876,9,Tetragonal,P4/mmm,False,True
mp-781707,La4Al2O9,4.484199999999999,-3.7910376603333322,0.0,939.8839518477405,5.325543827242389,60,Monoclinic,P2_1/c,True,False
mp-768450,Tm3Sb5O12,3.133099999999999,-2.681940301249999,0.0,604.0366354638152,7.189343054185322,40,Cubic,I-43m,True,False
mp-772173,CrPO5,0.21799999999999903,-2.12485060869898,0.10044000339285601,710.466347490614,3.047157314268553,56,Monoclinic,P2_1/c,False,False
mp-558966,Ca5(ReO6)2,2.1283,-2.884835567719299,0.0,1486.7800728816053,5.12506854607997,114,Trigonal,R-3c,True,False
mp-1206367,Ce3AlO,0.0,-1.405291576999998,0.0264691155,112.47581730920871,6.840366415089138,5,Cubic,Pm-3m,False,True
mp-27982,PuBrO,0.0,-2.580650867916665,0.078574496111109,128.80539732414766,8.763963099306425,6,Tetragonal,P4/nmm,False,True
mp-1212596,Eu2B2O5,0.0819,-3.142628444814783,0.0,483.9358352461793,5.56624732284896,36,Monoclinic,P2_1/c,True,False
mp-1204479,Na(SeO3)4,0.4302,-0.9621467303384891,0.15160043191175201,678.9175546225398,2.596638156491589,34,Monoclinic,Pc,False,False
mp-1244939,CoO,0.258099999999999,-0.8624241946250011,0.409406951625,997.8887168179468,4.987670439084296,80,Triclinic,P1,False,False
mp-1178261,Ga3NO3,0.8872000000000001,-1.7480610667857142,0.06005811357142601,375.8970435211731,4.791682856286344,28,Triclinic,P1,False,False
mp-1020578,Sr4S3O,2.1115,-2.419770833437499,0.1439786475,205.69244932699996,3.735134268805007,8,Cubic,Pm-3m,False,False
mp-19270,TiFeO3,2.052199999999999,-2.697939042666667,0.031773749999999004,102.29482436671371,4.925385335207109,10,Trigonal,R3c,False,False
mp-849872,Bi2TeO2,0.0,-1.2661092213333331,0.0,101.39553878225085,9.458604299637601,5,Tetragonal,I4/mmm,True,True
mp-776104,K2O,1.169,-1.182810646083332,0.051067390416667004,584.4615437466448,2.1409947642857032,24,Tetragonal,P4_2/nmc,False,False
mp-1277673,Mn5O3F5,0.7121000000000001,-2.478290895358091,0.098157200865379,373.21660315773994,3.716740808243608,26,Monoclinic,Cm,False,False
mp-1188323,Ti2O3,0.116299999999998,-3.301910415333334,0.001529219,180.974229898941,5.275291036997773,20,Orthorhombic,Pnma,False,False
mp-1102979,FeS2O9,0.0,-1.3346470075,0.22511620284722,174.05972582285887,2.518284060960012,12,Triclinic,P-1,False,True
mp-755358,LuAlO3,3.6479,-3.7433915153333333,0.061627178750002,114.12048248056117,7.273827011470189,10,Hexagonal,P6_3/mmc,False,False
mp-1204378,VIO7,1.638599999999999,-0.855171450833332,0.32918339236111105,750.2736871693972,2.565962743719813,36,Monoclinic,P2_1/c,False,False
mp-755513,Fe2O3F,0.0,-1.659706026249999,0.11439008342592501,263.7894113658218,4.499287272454892,24,Monoclinic,C2/m,False,True
mp-15161,Tb2Ru2O7,0.0,-2.5896548243939392,0.015515789886357002,263.7650648030742,7.957371258375757,22,Cubic,Fd-3m,False,True
mp-725609,C2N2O5,3.3865,-0.717251537222223,0.576178348055555,374.5009827310822,1.170859207549531,18,Triclinic,P1,False,False
mp-1183524,Bi2O3,2.0782,-1.6078006035000052,0.033926611499999,160.55631416567675,9.638277098656488,10,Trigonal,R-3c,False,False
mp-1214931,AgIO2,0.0,-0.29918473979166604,0.37299913104166504,260.3256796783034,6.806619282995461,16,Tetragonal,I4_1/amd,False,True
mp-1193395,LuFeO3,0.0,-2.901636080666666,0.013801381291665001,356.53614196145696,7.791219595066053,30,Hexagonal,P6_3cm,False,True
mp-1278019,LaMnO3,0.0,-2.9176369335862082,0.217627867023809,245.45715843443807,6.544321106826596,20,Tetragonal,I4/mmm,False,True
mp-1651001,Li7Mn5O12,0.722599999999999,-2.140035071999522,0.029956274999988004,442.54217384121915,3.866867643071012,48,Triclinic,P-1,False,False
mp-561343,Fe3(TeO3)4,1.7774,-1.564010085219297,0.0,1063.889725998378,5.431198597827585,76,Monoclinic,P2_1/c,True,False
mp-760747,Ti11O18,0.0,-3.34912974091954,0.019436048275862,306.69832203852724,4.4100423076306825,29,Triclinic,P1,False,True
mp-1101623,Y3NbO7,2.0899,-3.475722425454545,0.254315091250006,293.1393255689433,5.343145173199608,22,Orthorhombic,Cmme,False,False
mp-1337126,Al(CuO2)3,0.0,-0.7630633865,0.732482489187501,267.3008587682728,3.896519602319659,20,Orthorhombic,Cmc2_1,False,True
mp-766823,Li7Ti11O24,0.0,-3.227670473333347,0.0,439.51174836486763,3.62365503510715,42,Monoclinic,C2/m,True,True
mp-1279062,Fe(BO2)2,4.099600000000001,-2.456805614761903,0.011313907619051001,221.70420320961978,4.238214547855711,28,Triclinic,P-1,False,False
mp-975236,RbPtO3,0.0,-0.8889363144999991,0.160222984000003,69.17709751024132,7.8865712781699315,5,Cubic,Pm-3m,False,True
mp-1182631,Cd3S3O20,1.8436,-1.003178833942307,0.259877088076924,962.5535968359842,2.599495146065481,52,Triclinic,P1,False,False
mp-2912507,Fe2C2O7,1.507299999999999,-1.361364683977272,0.04925578613636301,637.4615357971845,2.5810340519680732,44,Monoclinic,P2_1/c,False,False
mp-556069,Tb11O20,0.0,-3.455036693333331,0.077543291149195,444.71439074794444,7.722421226118004,31,Triclinic,P-1,False,True
mp-21860,Ta2VO6,0.0,-3.121902237185185,0.0,416.550880560608,8.113661118122385,36,Tetragonal,P4_2/mnm,True,True
mp-754699,NaTi2O3,0.0,-2.751358795507663,0.078579568307789,241.2620518150665,4.590002301101812,24,Hexagonal,P6_3/mcm,False,True
mp-29276,Cd2P6O17,4.4138,-2.451668246914286,0.0,707.3351744130208,3.205196898717728,50,Monoclinic,P2_1/c,True,False
mp-3308125,Li5BrO6,1.966499999999999,-1.363250721666666,0.0,301.5574829965367,3.479122700094368,36,Trigonal,P3_112,True,False
mp-752996,MnOF,0.0,-2.310016363060344,0.08473115736109,271.74996429901097,4.396452888128701,24,Triclinic,P1,False,True
mp-756426,ZrNbO4,0.0,-3.253571734166666,0.10205124041666701,140.63330192009124,5.859582313450328,12,Monoclinic,C2/c,False,True
mp-1408708,WO3,1.3952,-2.179955638125,0.010904968437499002,208.8818670713403,7.372136100233946,16,Orthorhombic,Pnma,False,False
mp-4873,Ce2TeO2,0.0,-3.209099825333325,0.0,106.60162841392265,6.851267067497662,5,Tetragonal,I4/mmm,True,True
mp-997047,AgBrO2,0.0,-0.20354682416666603,0.14641725345588202,166.66251476780144,4.379369070653832,8,Monoclinic,P2_1/m,False,True
mp-1193418,YI3O11,0.0,-1.006138689999999,0.27532548766666703,487.8438481273922,4.395115559770639,30,Triclinic,P-1,False,True
mp-754899,V4(OF3)3,1.5231,-2.939605926562501,0.015848552187499,198.25157534005876,3.540918173874489,16,Triclinic,P1,False,False
mp-1221282,Na2U2O7,1.558799999999999,-3.212267025250781,0.061960692272728005,167.5359438933178,6.2842444722136115,11,Monoclinic,Pm,False,False
mp-734030,N2O3,0.0,0.5998664464999991,1.216983760999999,319.4860393414587,1.580291039632833,20,Orthorhombic,Pnma,False,True
mp-1211117,Na11(CoO2)13,0.0,-1.457676540103448,0.06753762790001501,1100.9685037035933,4.328696404191739,100,Hexagonal,P6_3/m,False,True
mp-3322619,Li2BeO2,6.6404,-2.423382595166666,0.0,153.29988577810812,2.378395541728164,20,Monoclinic,P2_1/c,True,False
mp-1437358,Al(FeO2)2,0.0,-1.735850928571427,0.5372514328571381,147.36148887172232,4.567543729589038,14,Trigonal,R-3m,False,True
mp-38843,CaTa2O6,2.0982,-3.382113790518517,0.09855069722222201,124.84276830014319,6.623522659262468,9,Cubic,Fm-3m,False,False
mp-6964,NaTbO2,3.892299999999999,-3.126936168261493,0.0,109.47556204625305,6.489346356657806,8,Tetragonal,I4_1/amd,True,False
mp-1199363,Ba3AlO4,0.0,-2.944955424687499,0.0,637.0390587018919,5.244167984234592,32,Orthorhombic,Pnma,True,True
mp-1238219,HoSbO4,2.2933,-2.869357654166664,0.000350535416667,296.15862366288917,7.865122874254708,24,Monoclinic,P2_1/c,False,False
mp-770192,Li2CrO3,0.9583,-2.202569860277778,0.053743987083334006,103.52841244012986,3.65302703775575,12,Monoclinic,Cc,False,False
mp-759084,Cr(PO3)4,0.05500000000000001,-2.429212909327731,0.078288247352954,428.8554631862769,2.84891167336581,34,Monoclinic,C2/c,False,False
mp-1186240,Nd2Cr2O5,0.0,-2.764409737777777,0.263167731388884,112.83673095029123,6.9530568629034715,9,Tetragonal,P4/mmm,False,True
mp-756244,CaEu2O3,0.0,-3.154596212500001,0.029691948333333003,189.5884575847273,6.866855679548683,12,Monoclinic,C2/c,False,True
mp-560860,Na2PtO3,1.5488,-1.497563052126436,0.0,266.3709519996665,7.207967774786441,24,Orthorhombic,Fddd,True,False
mp-3308096,Tm2(CO3)3,5.5268999999999995,-2.379705800982141,0.0,468.6170860687529,3.6703103916993722,28,Hexagonal,P6_3/m,True,False
mp-770538,Mn2PO5,0.877599999999999,-2.410766014438117,0.003595742760412,380.34060609231665,3.856804344394577,32,Orthorhombic,Pnma,False,False
mp-1323814,CaV5O7,0.438299999999999,-2.460849925769231,0.022436827980763,284.48648558839125,4.748740445896935,26,Orthorhombic,Cmcm,False,False
mp-1369444,NiO2,0.0194,-0.6014773987499991,0.212661544027778,230.24593116369422,5.232594222178278,24,Orthorhombic,Pnma,False,False
mp-1041519,Ca(AgO2)2,0.0,-1.085913939761903,0.25755692142858,201.3086098459582,5.276081538428462,14,Orthorhombic,Imma,False,True
mp-1245005,V2O5,0.6144000000000001,-1.7788165978571442,0.510205219285714,1792.6367535399158,2.5271615526972653,105,Triclinic,P1,False,False
mp-1272198,Mn(HO)2,1.546,-1.557309329086207,0.023720373500002,190.60657723651906,3.0997770818734622,20,Monoclinic,C2/m,False,False
mp-755304,Mn6O5F7,0.0,-2.436804242643677,0.05331321050925,213.65332322856764,4.217261332059754,18,Monoclinic,C2,False,True
mp-818273,NiP5O14,0.248,-2.324211207160712,0.044978053499997006,1054.0676599561602,2.757224124587572,80,Monoclinic,P2_1/c,False,False
mp-5503,ErTaO4,4.0517,-3.7381258220555473,0.0039586549999920005,143.7011833468103,9.526457980733552,12,Monoclinic,C2/c,False,False
mp-755124,Cr(CoO3)2,0.6398,-1.31132318888889,0.08974724000001101,207.79051592860242,4.24917442526205,18,Orthorhombic,Cmce,False,False
mp-1044440,Pr(SbO3)2,0.0,-2.296005004629629,0.180110997916674,261.4704155848835,6.102127476063973,18,Orthorhombic,Pmn2_1,False,True
mp-1184942,KAuO3,0.0,-0.5509545864499991,0.364279867999998,71.87610219949094,6.562651688367877,5,Cubic,Pm-3m,False,True
mp-3293748,Cs2OsO4,1.1488,-1.497924945,0.0,645.6407567675149,5.349998393695276,28,Orthorhombic,Pnma,True,False
mp-542931,Bi2B8O15,4.3605,-2.6267447043333343,0.002698840666669,597.4642652002539,4.138059605012726,50,Monoclinic,P2_1,False,False
mp-715811,Fe3O4,0.032,-1.566391524999999,0.07625069500000001,312.90445265205307,4.9148412460464055,28,Monoclinic,C2/m,False,False
mp-1041671,Sn(WO4)2,3.2432,-2.010121209545453,0.15799977840908602,170.62729307425212,5.979176063567319,11,Triclinic,P-1,False,False
mp-1045574,Li3(NiO2)4,0.0,-1.351747186666665,0.014831634361118002,131.9140803498432,4.8286670220353844,15,Monoclinic,C2/m,False,True
mp-20530,CeCrO3,0.0,-2.970420415,0.19220243360000203,59.618378740261385,6.687745320618523,5,Cubic,Pm-3m,False,True
mp-19154,Ba(FeO2)2,1.7417999999999991,-2.089097835714285,0.0,442.3569297073226,4.70003236580985,28,Orthorhombic,Cmc2_1,True,False
mp-758269,Ba8In6O17,0.720699999999999,-2.40650261048387,0.07231254274191501,573.4350689480252,5.9638890404377936,31,Triclinic,P-1,False,False
mp-782005,Li6TeO6,3.111399999999999,-2.074634929743589,0.057455772307692006,134.0727504797454,3.285122187340242,13,Trigonal,R-3,False,False
mp-1182403,CaMoO4,0.8881000000000001,-1.906470756666666,0.7331565108333341,168.42093015693024,3.944090766153177,12,Triclinic,P-1,False,False
mp-1019608,Cs3BO3,2.6073,-2.13071396259031,0.0,1277.2631308891625,4.758543738306041,56,Orthorhombic,Pbam,True,False
mp-14410,Tl6TeO12,0.0,-1.202291198771932,0.0,259.500478872109,9.892139953749227,19,Trigonal,R-3,True,True
mp-851102,LiTa3O8,2.4161,-3.228682573881945,0.025712073645825003,1189.3067836488453,7.57066162135812,96,Monoclinic,Pm,False,False
mp-758225,Bi10(Pb2O7)3,2.3242,-1.566915397162162,0.019107533091219,665.7223545105514,9.15171845055244,37,Triclinic,P-1,False,False
mp-755697,V2O3F,1.29,-2.673548266666667,0.013873112083333002,248.0545515400675,4.522088821582604,24,Orthorhombic,Cmcm,False,False
mp-12932,TbTaO4,4.0177,-3.73093175483333,0.0,148.31726141900378,9.043361300753336,12,Monoclinic,P2/c,True,False
mp-760022,Mn6O5F7,0.21700000000000003,-2.423046857921457,0.067070595231471,429.216726754526,4.198493871993078,36,Triclinic,P1,False,False
mp-758747,Li6(NiO2)11,0.33579999999999904,-1.20727419128205,0.038000803771368004,374.3296967777921,4.610193039231269,39,Triclinic,P1,False,False
mp-754114,SrSc2O4,3.503999999999999,-3.706797714285714,0.031012713214286003,203.08791631677923,3.949708594772352,14,Cubic,Fd-3m,False,False
mp-772779,Ca(SeO3)2,3.0199,-1.7498698746875,0.045141057222227006,598.8016249694853,3.261107960997967,36,Monoclinic,P2_1/c,False,False
mp-753691,Y2Bi2O7,0.123699999999999,-2.514923455,0.07852603352272601,204.2100250688997,5.755236119551597,11,Monoclinic,C2/m,False,False
mp-541581,KSO3,4.9772,-2.073822209616666,0.012870133793858,512.648739732601,2.315881936093708,30,Trigonal,P321,False,False
mp-1183212,BAuO3,0.0,-0.30073161883333305,1.327223233666666,42.75273889652396,9.934466602061132,5,Cubic,Pm-3m,False,True
mp-772188,DyErO3,3.0953,-3.946876731666664,0.084193206666668,452.19113643002925,8.323213850342594,30,Hexagonal,P6_3cm,False,False
mp-1188864,CaTi2O6,0.0,-2.97312266074074,0.179711387361113,236.2326715455679,3.2588794906955902,18,Monoclinic,C2/c,False,True
